trial,size_mib,rails,iterations,mean_read_us,effective_gib_s,cpu_user_us,cpu_system_us,peak_rss_kb,rail0_bytes,rail1_bytes
1,64,1,10,9010,6.937,39425,46506,264488,671088640,0
1,64,2,10,7767,8.047,46058,43192,264344,335544320,335544320
1,256,1,10,39495,6.33,208973,181504,1050960,2684354560,0
1,256,2,10,36788,6.796,225725,234681,1050924,1342177280,1342177280
1,512,1,10,71172,7.025,386817,320400,2099600,5368709120,0
1,512,2,10,62311,8.024,399810,408032,2099456,2684354560,2684354560
2,64,1,10,9040,6.914,46418,38929,264536,671088640,0
2,64,2,10,7791,8.022,42413,50651,264312,335544320,335544320
2,256,1,10,34755,7.193,183867,158279,1050880,2684354560,0
2,256,2,10,30373,8.231,181888,199803,1050856,1342177280,1342177280
2,512,1,10,66909,7.473,338050,325553,2099588,5368709120,0
2,512,2,10,66952,7.468,402060,482669,2099332,2684354560,2684354560
3,64,1,10,11141,5.61,49556,54652,264492,671088640,0
3,64,2,10,10676,5.854,55339,69350,264424,335544320,335544320
3,256,1,10,36516,6.846,194192,165791,1050940,2684354560,0
3,256,2,10,31092,8.041,179116,210696,1051004,1342177280,1342177280
3,512,1,10,67883,7.366,350056,325666,2099604,5368709120,0
3,512,2,10,59392,8.419,397439,351243,2099532,2684354560,2684354560
