trial,size_mib,rails,iteration,read_us
1,64,1,1,134005
1,64,1,2,133905
1,64,1,3,133546
1,64,1,4,129405
1,64,1,5,130268
1,64,1,6,126075
1,64,1,7,128052
1,64,1,8,141236
1,64,1,9,129860
1,64,1,10,132194
1,64,2,1,108229
1,64,2,2,107791
1,64,2,3,108477
1,64,2,4,107764
1,64,2,5,109471
1,64,2,6,109478
1,64,2,7,113054
1,64,2,8,120586
1,64,2,9,106842
1,64,2,10,112745
1,256,1,1,483642
1,256,1,2,487601
1,256,1,3,478132
1,256,1,4,543857
1,256,1,5,482796
1,256,1,6,487772
1,256,1,7,479935
1,256,1,8,526729
1,256,1,9,495042
1,256,1,10,487211
1,256,2,1,397504
1,256,2,2,398836
1,256,2,3,397197
1,256,2,4,440456
1,256,2,5,403665
1,256,2,6,399278
1,256,2,7,406916
1,256,2,8,450101
1,256,2,9,407137
1,256,2,10,403248
1,512,1,1,951262
1,512,1,2,956457
1,512,1,3,956890
1,512,1,4,1020075
1,512,1,5,1036109
1,512,1,6,952697
1,512,1,7,993516
1,512,1,8,1000804
1,512,1,9,954124
1,512,1,10,948699
1,512,2,1,767884
1,512,2,2,770391
1,512,2,3,786015
1,512,2,4,1105444
1,512,2,5,931722
1,512,2,6,823808
1,512,2,7,840925
1,512,2,8,774664
1,512,2,9,827244
1,512,2,10,788150
2,64,1,1,127421
2,64,1,2,130462
2,64,1,3,129895
2,64,1,4,129856
2,64,1,5,129486
2,64,1,6,150049
2,64,1,7,209316
2,64,1,8,199248
2,64,1,9,132685
2,64,1,10,137070
2,64,2,1,113138
2,64,2,2,107672
2,64,2,3,107558
2,64,2,4,106566
2,64,2,5,106363
2,64,2,6,113607
2,64,2,7,107671
2,64,2,8,117632
2,64,2,9,107032
2,64,2,10,108744
2,256,1,1,481912
2,256,1,2,481889
2,256,1,3,482913
2,256,1,4,544547
2,256,1,5,484146
2,256,1,6,483429
2,256,1,7,493390
2,256,1,8,521778
2,256,1,9,487144
2,256,1,10,477209
2,256,2,1,401716
2,256,2,2,444675
2,256,2,3,482788
2,256,2,4,696733
2,256,2,5,424365
2,256,2,6,449166
2,256,2,7,459335
2,256,2,8,457407
2,256,2,9,399861
2,256,2,10,439317
2,512,1,1,962279
2,512,1,2,954041
2,512,1,3,945880
2,512,1,4,1009387
2,512,1,5,1016059
2,512,1,6,953889
2,512,1,7,988657
2,512,1,8,997310
2,512,1,9,948267
2,512,1,10,933344
2,512,2,1,772625
2,512,2,2,780020
2,512,2,3,778984
2,512,2,4,807234
2,512,2,5,803489
2,512,2,6,778407
2,512,2,7,832380
2,512,2,8,781570
2,512,2,9,779126
2,512,2,10,803776
3,64,1,1,128889
3,64,1,2,126413
3,64,1,3,133012
3,64,1,4,127886
3,64,1,5,128800
3,64,1,6,126971
3,64,1,7,130061
3,64,1,8,146999
3,64,1,9,133150
3,64,1,10,128341
3,64,2,1,108638
3,64,2,2,107973
3,64,2,3,108315
3,64,2,4,107142
3,64,2,5,107961
3,64,2,6,105114
3,64,2,7,111636
3,64,2,8,118289
3,64,2,9,110054
3,64,2,10,107163
3,256,1,1,480493
3,256,1,2,470758
3,256,1,3,476031
3,256,1,4,540113
3,256,1,5,479220
3,256,1,6,478452
3,256,1,7,479711
3,256,1,8,511503
3,256,1,9,560539
3,256,1,10,552964
3,256,2,1,388396
3,256,2,2,392264
3,256,2,3,393144
3,256,2,4,418084
3,256,2,5,393361
3,256,2,6,388882
3,256,2,7,387641
3,256,2,8,387299
3,256,2,9,387376
3,256,2,10,387878
3,512,1,1,935964
3,512,1,2,940159
3,512,1,3,936034
3,512,1,4,1005173
3,512,1,5,999858
3,512,1,6,933882
3,512,1,7,1027540
3,512,1,8,951639
3,512,1,9,949518
3,512,1,10,936740
3,512,2,1,801546
3,512,2,2,776749
3,512,2,3,778238
3,512,2,4,810279
3,512,2,5,817510
3,512,2,6,777993
3,512,2,7,822376
3,512,2,8,790479
3,512,2,9,769155
3,512,2,10,776583
