trial,size_mib,rails,concurrency,batches,median_request_us,median_batch_us,aggregate_gib_per_s,cpu_user_us,cpu_system_us,peak_rss_kb,rail0_bytes,rail1_bytes,xxh3
1,64,1,2,3,584982,611357,0.206,440721,417074,465624,402653184,0,a0a4cbfa5cad46af
1,64,2,2,3,517549,547463,0.228,435376,457823,482064,201326592,201326592,a0a4cbfa5cad46af
1,64,1,4,3,963491,1011160,0.247,835863,939721,858216,805306368,0,a0a4cbfa5cad46af
1,64,2,4,3,900159,957068,0.26,796104,999099,873036,402653184,402653184,a0a4cbfa5cad46af
1,128,1,2,3,1073565,1157775,0.216,778757,798235,793308,805306368,0,6c7a2ea2bc98454c
1,128,2,2,3,1018873,1055354,0.237,815531,877221,940816,402653184,402653184,6c7a2ea2bc98454c
1,128,1,4,3,1889414,1995798,0.249,1517768,1782414,1374280,1610612736,0,6c7a2ea2bc98454c
1,128,2,4,3,1751885,1883886,0.269,1551378,1910349,1545312,805306368,805306368,6c7a2ea2bc98454c
2,64,2,2,3,527039,561776,0.225,449637,464645,481960,201326592,201326592,a0a4cbfa5cad46af
2,64,1,2,3,577478,601795,0.208,380840,452269,465248,402653184,0,a0a4cbfa5cad46af
2,64,2,4,3,925177,972943,0.254,845043,1052600,797296,402653184,402653184,a0a4cbfa5cad46af
2,64,1,4,3,906306,966798,0.258,806998,978016,857316,805306368,0,a0a4cbfa5cad46af
2,128,2,2,3,998986,1044705,0.239,828891,835126,940856,402653184,402653184,6c7a2ea2bc98454c
2,128,1,2,3,1121590,1185936,0.211,734777,816453,824140,805306368,0,6c7a2ea2bc98454c
2,128,2,4,3,1777780,1885758,0.267,1519564,1818873,1640536,805306368,805306368,6c7a2ea2bc98454c
2,128,1,4,3,1915147,2006665,0.248,1503054,1729012,1434616,1610612736,0,6c7a2ea2bc98454c
