trial,size_mib,rails,iterations,median_us,cpu_user_us,cpu_system_us,peak_rss_kb,rail0_bytes,rail1_bytes,xxh3
1,64,1,5,352824,271884,343776,203044,335544320,0,a0a4cbfa5cad46af
1,64,2,5,329447,285274,395693,211360,167772160,167772160,a0a4cbfa5cad46af
1,128,1,5,703299,523828,651527,399608,671088640,0,6c7a2ea2bc98454c
1,128,2,5,647801,550518,700478,407544,335544320,335544320,6c7a2ea2bc98454c
1,256,1,5,1432946,977265,1279736,792776,1342177280,0,fe51c755b1336171
1,256,2,5,1238127,1043272,1275818,801036,671088640,671088640,fe51c755b1336171
2,64,2,5,328238,304656,377906,211044,167772160,167772160,a0a4cbfa5cad46af
2,64,1,5,371380,335035,351144,202808,335544320,0,a0a4cbfa5cad46af
2,128,2,5,649725,562037,759990,407716,335544320,335544320,6c7a2ea2bc98454c
2,128,1,5,737776,715828,634447,399904,671088640,0,6c7a2ea2bc98454c
2,256,2,5,1279419,1128224,1421902,801076,671088640,671088640,fe51c755b1336171
2,256,1,5,1411231,1038584,1126219,793100,1342177280,0,fe51c755b1336171
3,64,1,5,352691,283027,295316,203032,335544320,0,a0a4cbfa5cad46af
3,64,2,5,330370,319714,381249,211312,167772160,167772160,a0a4cbfa5cad46af
3,128,1,5,687005,573219,588976,399684,671088640,0,6c7a2ea2bc98454c
3,128,2,5,615369,582380,646598,407928,335544320,335544320,6c7a2ea2bc98454c
3,256,1,5,1424505,1033384,1168923,792824,1342177280,0,fe51c755b1336171
3,256,2,5,1309757,1098398,1209954,801232,671088640,671088640,fe51c755b1336171
