trial,size_mib,rails,iteration,bytes,latency_us,gib_per_s,xxh3
1,64,1,1,67108864,373991,0.167,a0a4cbfa5cad46af
1,64,1,2,67108864,352824,0.177,a0a4cbfa5cad46af
1,64,1,3,67108864,351315,0.178,a0a4cbfa5cad46af
1,64,1,4,67108864,361752,0.173,a0a4cbfa5cad46af
1,64,1,5,67108864,352155,0.177,a0a4cbfa5cad46af
1,64,2,1,67108864,337882,0.185,a0a4cbfa5cad46af
1,64,2,2,67108864,326523,0.191,a0a4cbfa5cad46af
1,64,2,3,67108864,333263,0.188,a0a4cbfa5cad46af
1,64,2,4,67108864,329447,0.19,a0a4cbfa5cad46af
1,64,2,5,67108864,324548,0.193,a0a4cbfa5cad46af
1,128,1,1,134217728,721789,0.173,6c7a2ea2bc98454c
1,128,1,2,134217728,695234,0.18,6c7a2ea2bc98454c
1,128,1,3,134217728,716867,0.174,6c7a2ea2bc98454c
1,128,1,4,134217728,703299,0.178,6c7a2ea2bc98454c
1,128,1,5,134217728,681577,0.183,6c7a2ea2bc98454c
1,128,2,1,134217728,651498,0.192,6c7a2ea2bc98454c
1,128,2,2,134217728,641352,0.195,6c7a2ea2bc98454c
1,128,2,3,134217728,647801,0.193,6c7a2ea2bc98454c
1,128,2,4,134217728,644689,0.194,6c7a2ea2bc98454c
1,128,2,5,134217728,663332,0.188,6c7a2ea2bc98454c
1,256,1,1,268435456,1492634,0.167,fe51c755b1336171
1,256,1,2,268435456,1432946,0.174,fe51c755b1336171
1,256,1,3,268435456,1446049,0.173,fe51c755b1336171
1,256,1,4,268435456,1426279,0.175,fe51c755b1336171
1,256,1,5,268435456,1431284,0.175,fe51c755b1336171
1,256,2,1,268435456,1243102,0.201,fe51c755b1336171
1,256,2,2,268435456,1268669,0.197,fe51c755b1336171
1,256,2,3,268435456,1206837,0.207,fe51c755b1336171
1,256,2,4,268435456,1238127,0.202,fe51c755b1336171
1,256,2,5,268435456,1235937,0.202,fe51c755b1336171
2,64,2,1,67108864,335713,0.186,a0a4cbfa5cad46af
2,64,2,2,67108864,333849,0.187,a0a4cbfa5cad46af
2,64,2,3,67108864,325205,0.192,a0a4cbfa5cad46af
2,64,2,4,67108864,328238,0.19,a0a4cbfa5cad46af
2,64,2,5,67108864,322567,0.194,a0a4cbfa5cad46af
2,64,1,1,67108864,371380,0.168,a0a4cbfa5cad46af
2,64,1,2,67108864,357153,0.175,a0a4cbfa5cad46af
2,64,1,3,67108864,371129,0.168,a0a4cbfa5cad46af
2,64,1,4,67108864,381567,0.164,a0a4cbfa5cad46af
2,64,1,5,67108864,394774,0.158,a0a4cbfa5cad46af
2,128,2,1,134217728,649725,0.192,6c7a2ea2bc98454c
2,128,2,2,134217728,637599,0.196,6c7a2ea2bc98454c
2,128,2,3,134217728,627598,0.199,6c7a2ea2bc98454c
2,128,2,4,134217728,657023,0.19,6c7a2ea2bc98454c
2,128,2,5,134217728,652498,0.192,6c7a2ea2bc98454c
2,128,1,1,134217728,737776,0.169,6c7a2ea2bc98454c
2,128,1,2,134217728,727485,0.172,6c7a2ea2bc98454c
2,128,1,3,134217728,725839,0.172,6c7a2ea2bc98454c
2,128,1,4,134217728,747635,0.167,6c7a2ea2bc98454c
2,128,1,5,134217728,748001,0.167,6c7a2ea2bc98454c
2,256,2,1,268435456,1215398,0.206,fe51c755b1336171
2,256,2,2,268435456,1272247,0.197,fe51c755b1336171
2,256,2,3,268435456,1279419,0.195,fe51c755b1336171
2,256,2,4,268435456,1283626,0.195,fe51c755b1336171
2,256,2,5,268435456,1370607,0.182,fe51c755b1336171
2,256,1,1,268435456,1476390,0.169,fe51c755b1336171
2,256,1,2,268435456,1441234,0.173,fe51c755b1336171
2,256,1,3,268435456,1392140,0.18,fe51c755b1336171
2,256,1,4,268435456,1397353,0.179,fe51c755b1336171
2,256,1,5,268435456,1411231,0.177,fe51c755b1336171
3,64,1,1,67108864,347734,0.18,a0a4cbfa5cad46af
3,64,1,2,67108864,352691,0.177,a0a4cbfa5cad46af
3,64,1,3,67108864,356587,0.175,a0a4cbfa5cad46af
3,64,1,4,67108864,352093,0.178,a0a4cbfa5cad46af
3,64,1,5,67108864,357157,0.175,a0a4cbfa5cad46af
3,64,2,1,67108864,333433,0.187,a0a4cbfa5cad46af
3,64,2,2,67108864,327670,0.191,a0a4cbfa5cad46af
3,64,2,3,67108864,346031,0.181,a0a4cbfa5cad46af
3,64,2,4,67108864,330370,0.189,a0a4cbfa5cad46af
3,64,2,5,67108864,330358,0.189,a0a4cbfa5cad46af
3,128,1,1,134217728,693713,0.18,6c7a2ea2bc98454c
3,128,1,2,134217728,695636,0.18,6c7a2ea2bc98454c
3,128,1,3,134217728,674564,0.185,6c7a2ea2bc98454c
3,128,1,4,134217728,687005,0.182,6c7a2ea2bc98454c
3,128,1,5,134217728,682664,0.183,6c7a2ea2bc98454c
3,128,2,1,134217728,609910,0.205,6c7a2ea2bc98454c
3,128,2,2,134217728,635044,0.197,6c7a2ea2bc98454c
3,128,2,3,134217728,644442,0.194,6c7a2ea2bc98454c
3,128,2,4,134217728,614333,0.203,6c7a2ea2bc98454c
3,128,2,5,134217728,615369,0.203,6c7a2ea2bc98454c
3,256,1,1,268435456,1416214,0.177,fe51c755b1336171
3,256,1,2,268435456,1446984,0.173,fe51c755b1336171
3,256,1,3,268435456,1417506,0.176,fe51c755b1336171
3,256,1,4,268435456,1424505,0.175,fe51c755b1336171
3,256,1,5,268435456,1598908,0.156,fe51c755b1336171
3,256,2,1,268435456,1202171,0.208,fe51c755b1336171
3,256,2,2,268435456,1389539,0.18,fe51c755b1336171
3,256,2,3,268435456,1343528,0.186,fe51c755b1336171
3,256,2,4,268435456,1248144,0.2,fe51c755b1336171
3,256,2,5,268435456,1309757,0.191,fe51c755b1336171
