trial,size_mib,rails,concurrency,batch,wall_us
1,64,1,2,1,615610
1,64,1,2,2,595422
1,64,1,2,3,611357
1,64,2,2,1,546773
1,64,2,2,2,547463
1,64,2,2,3,553001
1,64,1,4,1,1019551
1,64,1,4,2,1010455
1,64,1,4,3,1011160
1,64,2,4,1,947494
1,64,2,4,2,975539
1,64,2,4,3,957068
1,128,1,2,1,1189924
1,128,1,2,2,1119312
1,128,1,2,3,1157775
1,128,2,2,1,1042744
1,128,2,2,2,1066373
1,128,2,2,3,1055354
1,128,1,4,1,2064187
1,128,1,4,2,1956892
1,128,1,4,3,1995798
1,128,2,4,1,1883886
1,128,2,4,2,1811513
1,128,2,4,3,1888693
2,64,2,2,1,538094
2,64,2,2,2,561776
2,64,2,2,3,563873
2,64,1,2,1,601795
2,64,1,2,2,594177
2,64,1,2,3,610473
2,64,2,4,1,971862
2,64,2,4,2,972943
2,64,2,4,3,1003945
2,64,1,4,1,1010630
2,64,1,4,2,928326
2,64,1,4,3,966798
2,128,2,2,1,1044705
2,128,2,2,2,1024141
2,128,2,2,3,1063227
2,128,1,2,1,1185936
2,128,1,2,2,1201239
2,128,1,2,3,1161484
2,128,2,4,1,1885758
2,128,2,4,2,1892976
2,128,2,4,3,1844462
2,128,1,4,1,2006665
2,128,1,4,2,2003782
2,128,1,4,3,2028660
