trial,size_mib,rails,concurrency,batch,worker,bytes,latency_us,xxh3
1,256,1,2,1,0,268435456,2487620,fe51c755b1336171
1,256,1,2,1,1,268435456,2351607,fe51c755b1336171
1,256,1,2,2,0,268435456,2370370,fe51c755b1336171
1,256,1,2,2,1,268435456,2285753,fe51c755b1336171
1,256,1,2,3,0,268435456,2298482,fe51c755b1336171
1,256,1,2,3,1,268435456,2210071,fe51c755b1336171
1,256,2,2,1,0,268435456,2013569,fe51c755b1336171
1,256,2,2,1,1,268435456,1929027,fe51c755b1336171
1,256,2,2,2,0,268435456,1972182,fe51c755b1336171
1,256,2,2,2,1,268435456,1885959,fe51c755b1336171
1,256,2,2,3,0,268435456,2046871,fe51c755b1336171
1,256,2,2,3,1,268435456,1962123,fe51c755b1336171
2,256,2,2,1,0,268435456,1894955,fe51c755b1336171
2,256,2,2,1,1,268435456,1980073,fe51c755b1336171
2,256,2,2,2,0,268435456,1994458,fe51c755b1336171
2,256,2,2,2,1,268435456,2079975,fe51c755b1336171
2,256,2,2,3,0,268435456,2034204,fe51c755b1336171
2,256,2,2,3,1,268435456,1950234,fe51c755b1336171
2,256,1,2,1,0,268435456,2327837,fe51c755b1336171
2,256,1,2,1,1,268435456,2241328,fe51c755b1336171
2,256,1,2,2,0,268435456,2195260,fe51c755b1336171
2,256,1,2,2,1,268435456,2278648,fe51c755b1336171
2,256,1,2,3,0,268435456,2204936,fe51c755b1336171
2,256,1,2,3,1,268435456,2288398,fe51c755b1336171
